Store,cluster,StoreType,Assortment,avg_sales,promo_lift,cluster_name
1,1,c,a,4759.096030729834,0.22666287145430064,Suburban Std
2,0,a,a,4953.900510204082,0.6240549407098743,Premium City
3,0,a,a,6942.568677792041,0.6447371836068432,Premium City
4,2,c,c,9638.401785714286,0.19216947738613777,Small Town
5,0,a,a,4676.274711168165,0.735756862904291,Premium City
6,1,a,a,5509.946153846154,0.45040560045285605,Suburban Std
7,2,a,c,8817.050890585242,0.41820810490837546,Small Town
8,0,a,a,5539.3584183673465,0.6730969290109572,Premium City
9,1,a,c,6562.337612323492,0.3208537557282327,Suburban Std
10,1,a,a,5568.4209183673465,0.2714272408485965,Suburban Std
11,2,a,c,8030.977040816327,0.30927723324595924,Small Town
12,0,a,c,7589.598214285715,0.49766221331802574,Premium City
13,0,d,a,5034.747181964573,0.6433467253258802,Premium City
14,1,a,a,5508.567394094994,0.4755093168563034,Suburban Std
15,3,d,c,6672.844387755102,0.38756749813432045,Flagship
16,0,a,c,7680.683397683398,0.4206133286203717,Premium City
17,0,a,a,6335.6624040920715,0.8217445166032749,Premium City
18,3,d,c,6560.277493606138,0.4364426488869664,Flagship
19,0,a,c,6464.915275994866,0.5172473377143862,Premium City
20,3,d,a,7756.9353796445885,0.3138567459180286,Flagship
21,3,c,c,5482.320463320463,0.6293949116907713,Flagship
22,1,a,a,4525.857835218094,0.43646432527064194,Suburban Std
23,3,d,a,5520.281129653402,0.5165533136738583,Flagship
24,2,a,c,9388.28626444159,0.44680235041347305,Small Town
25,2,c,a,11139.038563829787,0.3520471106104024,Small Town
26,3,d,a,6671.695652173913,0.5244507983474225,Flagship
27,2,a,a,9478.57381258023,0.5661591160977661,Small Town
28,0,a,a,5293.060959792478,0.667108844374054,Premium City
29,3,d,c,7364.775353016688,0.42834729889188616,Flagship
30,1,a,a,5294.782496782497,0.4235539755998263,Suburban Std
31,3,d,c,5862.427295918367,0.2956246671556224,Flagship
32,1,a,a,4067.8212560386473,0.6478403345063812,Suburban Std
33,1,a,c,8436.659820282413,0.2453558848165942,Suburban Std
34,1,c,a,8031.485969387755,0.2678453433386152,Suburban Std
35,2,d,c,9703.071887034659,0.558508847879323,Small Town
36,1,a,c,9363.638263665594,0.14382921104777768,Suburban Std
37,3,c,a,7114.170512820513,0.28465609482494236,Flagship
38,3,d,a,6004.643132220795,0.48030811370494386,Flagship
39,0,a,a,4852.571245186136,0.7371629723481237,Premium City
40,1,a,a,4902.3389175257735,0.2029424021391648,Suburban Std
41,3,d,c,5335.059485530546,0.2383977162789359,Flagship
42,2,a,c,10178.136071887035,0.41331716923174344,Small Town
43,3,d,a,6822.9139922978175,0.5372843524398272,Flagship
44,1,a,a,5478.5,0.5645051894549424,Suburban Std
45,3,d,a,5348.469833119384,0.3179472562849308,Flagship
46,0,c,a,5352.290996784566,0.528571679223222,Premium City
47,1,a,c,7145.102040816327,0.40819236862961783,Suburban Std
48,1,a,a,3934.966836734694,0.34554610801013674,Suburban Std
49,3,d,c,7304.113256113256,0.2944014272955451,Flagship
50,3,d,a,4256.070603337613,0.4326508227101009,Flagship
51,3,a,c,6675.286173633441,0.20568990674377075,Flagship
52,3,d,c,7407.945337620578,0.3548257165751152,Flagship
53,1,a,c,5264.807397959184,0.4366234662805015,Suburban Std
54,3,d,c,7907.538853503184,0.2319194959517532,Flagship
55,1,a,a,4598.989743589744,0.5786599922705502,Suburban Std
56,3,d,c,7321.754161331626,0.223466835733364,Flagship
57,2,d,c,10591.73116883117,0.5307086094894204,Small Town
58,0,a,c,6336.158908507223,0.42844982557256284,Premium City
59,0,a,c,5501.312020460358,0.6335279303172423,Premium City
60,2,d,c,8033.087179487179,0.6208600660366723,Small Town
61,1,a,c,4722.005148005148,0.2762895406660961,Suburban Std
62,0,a,a,6503.86649550706,0.48307586930869895,Premium City
63,3,c,c,6956.3877551020405,0.3401915826337649,Flagship
64,3,d,c,10359.525032092426,0.350780865223864,Flagship
65,0,a,c,5112.8948717948715,0.6048585984590076,Premium City
66,3,d,a,6114.360360360361,0.22075515139133195,Flagship
67,0,a,c,7828.930501930502,0.5458465115658093,Premium City
68,1,a,c,7563.252551020408,0.07357211194148205,Suburban Std
69,2,c,c,9426.451984635083,0.33135009866134335,Small Town
70,3,c,c,6608.028132992327,0.40400296219698384,Flagship
71,0,a,a,9061.09756097561,0.5362867249358472,Premium City
72,0,a,a,4420.025682182985,0.879918484195934,Premium City
73,1,a,c,4576.978316326531,0.4861713570912205,Suburban Std
74,1,a,a,6256.630154639175,0.4266033999162313,Suburban Std
75,3,d,c,6023.4540816326535,0.17546979468310986,Flagship
76,3,d,c,8999.54735152488,0.30236996578344333,Flagship
77,3,d,c,7621.489116517286,0.3770616284943531,Flagship
78,1,a,a,3717.473076923077,0.5174489516716212,Suburban Std
79,1,a,a,5474.240669240669,0.5271612114285917,Suburban Std
80,3,d,a,7616.2734274711165,0.27681328697883445,Flagship
81,1,a,a,6985.688102893891,0.09419697788612114,Suburban Std
82,0,a,a,9019.653401797175,0.6122756327109609,Premium City
83,1,a,a,3887.7060333761233,0.3729326712227268,Suburban Std
84,2,a,c,12955.997432605905,0.36253613659866213,Small Town
85,4,b,a,7272.454352441614,0.06317715010817837,Rural Low
86,1,a,a,4695.021850899743,0.5442349945232772,Suburban Std
87,1,a,a,5865.161989795918,0.4716407023905551,Suburban Std
88,0,a,a,6024.433333333333,0.8536622401821119,Premium City
89,1,a,a,5971.33922829582,0.3290860597989276,Suburban Std
90,0,a,a,8416.768637532134,0.33630204412161024,Premium City
91,3,c,a,5559.002570694088,0.37831244388199936,Flagship
92,0,c,a,5996.684210526316,0.5282672902104459,Premium City
93,0,a,a,5965.175866495507,0.6097357767385367,Premium City
94,3,d,c,7121.14377406932,0.5218786329029168,Flagship
95,0,a,a,7638.54358974359,0.5915291408269603,Premium City
96,0,a,a,5176.888461538461,0.9365064150077858,Premium City
97,3,d,c,6703.3961538461535,0.549863399782381,Flagship
98,3,d,c,5109.863928112965,0.3496394363657036,Flagship
99,3,c,c,5130.520900321543,0.3399823564375617,Flagship
100,3,d,a,7964.412541254125,0.16852429689563508,Flagship
101,3,d,c,7469.877551020408,0.3276638086411543,Flagship
102,0,a,a,7061.162127107653,0.5776498727280146,Premium City
103,3,d,c,4689.497622820919,0.2639687974591103,Flagship
104,1,a,a,10126.536989795919,0.07506282800527897,Suburban Std
105,0,a,c,4441.3673740053055,0.5017409599296723,Premium City
106,0,a,a,8668.81935483871,0.3360801453642641,Premium City
107,1,a,a,7336.589285714285,0.1942025788537054,Suburban Std
108,2,d,c,11035.360128617363,0.16383929115078488,Small Town
109,1,a,c,6464.323979591837,0.3118041956739186,Suburban Std
110,1,a,c,4534.429846938776,0.31497795122719685,Suburban Std
111,3,d,c,6771.745198463508,0.3732373761725758,Flagship
112,1,a,a,6229.448979591837,0.1023266378943748,Suburban Std
113,3,d,c,7199.077170418006,0.18176111860098665,Flagship
114,3,c,a,5346.559948979592,0.3349471532142394,Flagship
115,3,d,c,7371.689710610933,0.1174464299280693,Flagship
116,1,a,a,7294.54533844189,0.3078489671854847,Suburban Std
117,1,a,a,3881.956354300385,0.49750267888166055,Suburban Std
118,3,d,c,7781.606138107417,0.43413272675441594,Flagship
119,1,a,c,6005.085459183673,0.37644167472094603,Suburban Std
120,3,d,a,7110.102432778489,0.4169133837271093,Flagship
121,1,a,a,4453.171794871795,0.5369665209693932,Suburban Std
122,4,a,c,6462.014689265537,0.34078641554367395,Rural Low
123,2,a,a,8399.204427083334,0.6784519553142898,Small Town
124,1,a,a,4424.1463414634145,0.3615232009859781,Suburban Std
125,2,a,a,11836.848214285714,0.363558977193978,Small Town
126,0,d,a,6507.75353016688,0.47467051430264884,Premium City
127,3,d,a,5238.154093097914,0.48819181122905286,Flagship
128,3,d,c,7454.672215108835,0.357002741023392,Flagship
129,0,a,a,9208.120578778135,0.33847556186384753,Premium City
130,1,c,a,5121.062740076824,0.27819372279925547,Suburban Std
131,1,c,a,5275.404364569961,0.3458957257576212,Suburban Std
132,3,d,c,6283.255627009647,0.282714359474749,Flagship
133,0,a,a,6467.759590792839,0.6195705001127771,Premium City
134,1,a,a,4725.8915816326535,0.3076130350442261,Suburban Std
135,3,d,a,5952.416133162612,0.27045221796502483,Flagship
136,0,a,c,5488.818327974276,0.5096031886884924,Premium City
137,1,a,a,8274.98231511254,0.294463402676842,Suburban Std
138,0,a,c,7334.917948717949,0.687377313446063,Premium City
139,0,a,a,6464.1495176848875,0.4670296683511317,Premium City
140,1,a,c,7469.049935979513,0.3330441774482258,Suburban Std
141,3,c,c,5540.741312741313,0.4593208845801686,Flagship
142,1,a,a,4603.965340179718,0.3370002246639743,Suburban Std
143,3,d,a,6314.756097560976,0.526269551723342,Flagship
144,3,a,c,7718.2064,0.29889542305632055,Flagship
145,0,a,a,8342.263157894737,0.4336490277764251,Premium City
146,3,d,c,7812.83055198973,0.412546970342617,Flagship
147,3,d,c,8212.558408215662,0.3293295450039124,Flagship
148,1,a,a,8638.96556122449,0.2728415629277945,Suburban Std
149,3,d,a,5567.483922829582,0.49554094020112327,Flagship
150,3,c,c,8417.24107142857,0.3542316062295279,Flagship
151,3,d,c,6755.764102564102,0.4445076979518514,Flagship
152,0,a,a,5541.939666238768,0.7195592132221722,Premium City
153,0,a,a,7066.812580231065,0.8325129958679571,Premium City
154,3,d,c,8737.57362355954,0.36511057242433753,Flagship
155,3,d,a,6886.852327447833,0.32403224575753864,Flagship
156,0,a,a,6961.611253196931,0.8716734464777962,Premium City
157,2,a,c,9722.790757381257,0.4344554592184662,Small Town
158,3,d,c,8156.865211810013,0.1386840641110516,Flagship
159,3,d,a,7748.60834670947,0.49469150132162687,Flagship
160,3,d,c,5730.658130601792,0.4088637415749674,Flagship
161,1,a,c,7252.598202824133,0.25691831849920144,Suburban Std
162,3,d,c,7768.131882202305,0.4457150668391556,Flagship
163,1,a,a,7298.706632653061,0.20886417504233812,Suburban Std
164,0,a,a,6210.218298555377,0.6285462566427715,Premium City
165,1,a,a,3996.8344051446948,0.41809540756541397,Suburban Std
166,1,a,c,5819.24646983312,0.25863937415339455,Suburban Std
167,2,a,a,9295.779487179487,0.6725110059734658,Small Town
168,0,a,a,7517.148005148005,0.5688405100537426,Premium City
169,3,d,a,7218.92819843342,0.29458075487204205,Flagship
170,1,a,a,5009.441591784339,0.42153766283212035,Suburban Std
171,0,a,a,8429.147625160462,0.5681517639300484,Premium City
172,1,a,a,6981.672025723473,0.15937862427469818,Suburban Std
173,0,a,a,8232.783163265307,0.4239171268391626,Premium City
174,1,a,a,5936.540192926045,0.14146010569117795,Suburban Std
175,1,c,a,5784.548469387755,0.2837970467601163,Suburban Std
176,0,a,a,5278.177150192554,0.6246397312680787,Premium City
177,0,a,a,3994.096153846154,0.689755649709954,Premium City
178,2,d,a,10089.92564102564,0.5559215138564708,Small Town
179,0,a,c,7295.274711168165,0.43290664826647096,Premium City
180,3,d,a,7220.061224489796,0.30686577222268974,Flagship
181,0,a,a,6382.698234349919,0.7441016761412398,Premium City
182,3,d,c,5304.654289372599,0.3386230709311593,Flagship
183,1,a,a,4821.335515548281,0.4228000169062127,Suburban Std
184,3,d,c,6594.2972972972975,0.4148182134242413,Flagship
185,3,d,c,7170.617346938776,0.4406287299790348,Flagship
186,1,a,a,3783.83922829582,0.40889375989459364,Suburban Std
187,3,a,c,6279.7334183673465,0.4165986636941905,Flagship
188,3,d,a,4986.952503209242,0.5115740841101235,Flagship
189,3,d,a,8762.929396662388,0.3689119398206959,Flagship
190,1,a,a,7198.954983922829,0.3332287097829423,Suburban Std
191,1,a,a,6838.9372990353695,0.1370831211452499,Suburban Std
192,2,d,c,9016.834405144695,0.17893204716541167,Small Town
193,0,a,a,5362.036036036036,0.6048952950922741,Premium City
194,3,d,c,4829.492921492922,0.24823780605802503,Flagship
195,2,a,c,10713.17971758665,0.3360147928432071,Small Town
196,3,c,a,5216.3363171355495,0.4425754609577319,Flagship
197,0,c,a,6846.668367346939,0.45440821043837887,Premium City
198,0,a,a,2900.6048593350383,1.4478879236250286,Premium City
199,3,d,c,7955.697047496791,0.389874427155823,Flagship
200,1,a,a,7729.5442875481385,0.2588584593306771,Suburban Std
201,3,d,a,5249.351732991014,0.26529340118776745,Flagship
202,3,d,c,6065.797695262484,0.26577459647300006,Flagship
203,3,c,c,6775.240409207161,0.33693103792203694,Flagship
204,1,a,a,5486.247588424438,0.28267218261168314,Suburban Std
205,1,a,a,6536.820153061224,0.47607615559860594,Suburban Std
206,0,a,c,7157.551989730424,0.47894362163947024,Premium City
207,2,a,a,11184.206632653062,0.5335404830484698,Small Town
208,1,c,a,2936.2908163265306,0.2621985206217161,Suburban Std
209,4,a,c,5587.78231292517,0.44869995886984904,Rural Low
210,1,d,a,3193.98459563543,0.4564544099007486,Suburban Std
211,2,a,c,12994.345663265307,0.436814521014917,Small Town
212,1,a,c,4775.656887755102,0.418202147831114,Suburban Std
213,3,d,c,8131.0410783055195,0.4257167112693325,Flagship
214,3,d,a,9331.875481386392,0.28645592382971485,Flagship
215,3,d,a,6313.492753623188,0.49949390030723584,Flagship
216,0,c,a,7226.775773195876,0.418790732503866,Premium City
217,1,c,a,4700.8877551020405,0.2679213729991723,Suburban Std
218,1,a,c,5018.577170418006,0.5334041891834165,Suburban Std
219,1,a,a,3133.712451861361,0.4269002378620399,Suburban Std
220,1,a,a,4906.432989690722,0.4689362316431205,Suburban Std
221,3,d,c,5821.838010204082,0.3106360120290381,Flagship
222,1,a,a,4982.456632653061,0.5647396174148898,Suburban Std
223,3,d,c,7232.875959079284,0.49673195878099885,Flagship
224,3,d,c,6629.749034749035,0.3204605050397058,Flagship
225,3,d,a,5197.0,0.47583703950772516,Flagship
226,1,a,a,7257.290653008963,0.3985932626208115,Suburban Std
227,0,a,a,6020.447916666667,0.445230029218878,Premium City
228,3,d,c,7946.139922978177,0.23303914410192905,Flagship
229,3,d,c,8645.36328626444,0.40243007697458744,Flagship
230,3,d,c,7561.640306122449,0.2567589274719926,Flagship
231,3,d,c,4770.279742765273,0.4240546885938128,Flagship
232,3,c,c,3372.351174934726,0.4197840885953894,Flagship
233,0,a,a,9431.089628681179,0.30364010583619416,Premium City
234,2,d,a,11072.315789473685,0.5598280529293735,Small Town
235,0,a,a,5935.44814340589,0.6643041390271993,Premium City
236,0,a,a,7119.563775510204,0.4903174982153429,Premium City
237,1,a,a,4535.991071428572,0.21647707132974414,Suburban Std
238,0,a,a,7661.718015665796,0.4229605780434722,Premium City
239,3,d,c,5071.210526315789,0.3877829140775828,Flagship
240,1,a,a,4812.035714285715,0.33497438955687553,Suburban Std
241,3,d,c,6583.227214377407,0.28557725259321143,Flagship
242,3,d,a,4093.0947503201023,0.669826816315853,Flagship
243,0,a,a,7074.07062600321,0.5862280245716047,Premium City
244,3,d,a,5271.098844672657,0.5589668275683675,Flagship
245,1,a,c,8897.663252240716,0.21831954855901792,Suburban Std
246,1,c,a,7081.054846938776,0.3265849742184863,Suburban Std
247,2,d,c,8576.710627400767,0.46668426594756873,Small Town
248,2,a,c,8362.170918367347,0.28164804213467587,Small Town
249,3,d,c,5285.823979591837,0.3015612875208351,Flagship
250,0,d,a,8470.623559539052,0.5065476778593268,Premium City
251,2,a,c,19123.068035943517,0.22332940528560297,Small Town
252,2,d,c,10615.512195121952,0.48326492226615536,Small Town
253,0,a,c,5746.724005134788,0.6742948158470141,Premium City
254,1,d,a,3005.9833119383825,0.3101817138304044,Suburban Std
255,3,c,c,6271.130937098845,0.30676369945772475,Flagship
256,2,a,c,9832.87886597938,0.41406263094430273,Small Town
257,1,a,a,5335.585459183673,0.43066980416467016,Suburban Std
258,1,a,a,5642.096463022508,0.3011512848040321,Suburban Std
259,4,b,b,11643.638412017168,0.07654334761378423,Rural Low
260,1,a,a,6559.997448979592,0.1164568939392876,Suburban Std
261,2,d,c,12616.487804878048,0.8660306481950488,Small Town
262,4,b,a,20718.51592356688,0.021454256832081908,Rural Low
263,1,a,c,3707.516077170418,0.08308245738867504,Suburban Std
264,0,a,a,7234.240157480315,0.5063897243738145,Premium City
265,0,a,a,4954.829268292683,0.7104191087632508,Premium City
266,1,a,c,4389.757692307692,0.5030309377205338,Suburban Std
267,2,c,a,9289.160714285714,0.12852695732191521,Small Town
268,1,a,a,4881.173469387755,0.5613487951427811,Suburban Std
269,2,a,c,9346.706033376124,0.579867327673675,Small Town
270,1,a,a,9291.623724489797,0.24168847771515,Suburban Std
271,0,a,a,7841.691025641026,0.9704941514698693,Premium City
272,0,a,a,6237.314980793854,0.7323102907385992,Premium City
273,0,a,c,7059.648267008986,0.498253451363029,Premium City
274,4,b,b,4070.8283261802576,0.0,Rural Low
275,3,d,a,7443.842443729904,0.3287046547391792,Flagship
276,1,a,a,4091.1948717948717,0.540935032117887,Suburban Std
277,3,d,c,6444.519292604502,0.4264114724399388,Flagship
278,0,a,c,7142.1670918367345,0.3894031662989945,Premium City
279,2,d,c,8881.08988764045,0.471157416977416,Small Town
280,3,d,c,6267.489060489061,0.24741579768890287,Flagship
281,3,d,c,5860.617346938776,0.2397199607954943,Flagship
282,1,a,a,4408.584183673469,0.43243030312202824,Suburban Std
283,1,a,a,7114.1591639871385,0.22269946970410937,Suburban Std
284,3,d,a,5413.250803858521,0.43624943047452547,Flagship
285,1,a,a,5154.924455825864,0.15121147040310623,Suburban Std
286,0,a,a,4927.8202824133505,0.9297441145425165,Premium City
287,3,c,a,8152.400321543409,0.15999644756184384,Flagship
288,3,d,a,5625.733118971061,0.46119730700284056,Flagship
289,3,d,a,6321.227912932139,0.3273091345243355,Flagship
290,0,a,a,7014.1578947368425,0.597628561926107,Premium City
291,0,d,a,8023.039743589744,0.5802769823442542,Premium City
292,0,a,a,5774.090078328982,0.5390011588132655,Premium City
293,3,c,c,6257.765006385696,0.47598057096486324,Flagship
294,0,a,a,5770.280409731114,0.5363288266145751,Premium City
295,1,a,a,5285.4311454311455,0.36400050696259156,Suburban Std
296,0,a,a,6963.460947503201,0.49900525717491195,Premium City
297,0,a,a,6992.070785070785,0.5293826024291994,Premium City
298,3,d,a,8398.617363344052,0.2764438081279865,Flagship
299,4,d,c,6235.306122448979,0.1689665300013401,Rural Low
300,1,a,c,7077.595907928388,0.23447803911033716,Suburban Std
301,1,a,c,5538.441326530612,0.3172124181448861,Suburban Std
302,3,d,c,3742.2842509603074,0.3484008180067977,Flagship
303,0,a,a,6180.086049543676,0.5052540824978304,Premium City
304,1,a,a,7067.702806122449,0.4120251774625985,Suburban Std
305,3,c,c,5347.341869398208,0.3212606073428532,Flagship
306,1,a,a,4368.86655948553,0.40903600649064975,Suburban Std
307,1,a,a,2703.7365728900254,0.791187417530526,Suburban Std
308,2,a,a,9353.162760416666,0.46063525502483427,Small Town
309,3,d,a,6971.319640564827,0.5809426878835655,Flagship
310,4,a,c,8236.363433667782,0.6291397033665216,Rural Low
311,1,a,c,6638.587708066581,0.3786866520226779,Suburban Std
312,3,d,a,5568.157490396927,0.5312503278351839,Flagship
313,3,d,c,7075.494884910486,0.5739586167700861,Flagship
314,0,a,a,5137.715019255455,0.5276942966050167,Premium City
315,1,a,c,4252.410714285715,0.3833366471236037,Suburban Std
316,2,d,a,9855.62516046213,0.441753524599922,Small Town
317,3,d,a,5379.4855305466235,0.20461308132738631,Flagship
318,3,d,c,7527.716666666666,0.4689550539262364,Flagship
319,1,a,c,7787.076530612245,0.3085870041532368,Suburban Std
320,2,a,c,14834.461734693878,0.30604426461743395,Small Town
321,3,c,c,5958.317948717949,0.29826604236680265,Flagship
322,0,a,a,5021.1726342711,0.825364699213591,Premium City
323,3,d,c,7365.359435173299,0.24338252159889717,Flagship
324,0,a,a,5687.985897435898,0.840839358399063,Premium City
325,1,a,c,6484.645699614891,0.4695473825032621,Suburban Std
326,3,d,a,5008.903722721438,0.2368236978787437,Flagship
327,3,c,c,7728.242930591259,0.3539318280723369,Flagship
328,1,a,a,4432.029525032092,0.4638884376446013,Suburban Std
329,0,a,a,6912.716302952504,0.5581818141287493,Premium City
330,1,a,c,4166.6379974326055,0.3174981961859398,Suburban Std
331,0,a,c,6160.85622593068,0.4542569347679013,Premium City
332,1,a,a,3728.5666666666666,0.5841156144682804,Suburban Std
333,2,a,c,9773.190051020409,0.35877168900280054,Small Town
334,3,d,c,5428.385109114249,0.32363459175393183,Flagship
335,4,b,a,13313.93949044586,0.7632833643711983,Rural Low
336,2,a,a,13910.661538461538,0.4361179515810498,Small Town
337,3,d,c,5049.653008962868,0.1587654514360739,Flagship
338,0,a,c,7217.95390524968,0.43565466121892005,Premium City
339,1,a,c,5133.638888888889,0.29411189666250936,Suburban Std
340,0,a,c,6485.642857142857,0.4463797233873059,Premium City
341,1,a,a,5511.534017971759,0.38288589837997056,Suburban Std
342,3,d,c,11104.138486312399,0.24535053502199888,Flagship
343,3,d,a,7199.365853658536,0.4637574459630631,Flagship
344,2,a,c,8481.108418367347,0.5722405898235392,Small Town
345,1,a,a,4559.585209003216,0.46506101541730915,Suburban Std
346,3,a,c,6830.500641848524,0.32859987665225443,Flagship
347,3,d,c,4804.190476190476,0.16354082891979704,Flagship
348,0,a,a,8802.97487437186,0.21912271156622642,Premium City
349,3,c,c,8159.215714285714,0.11694363152820886,Flagship
350,3,d,a,7013.133162612035,0.3717768017818226,Flagship
351,1,a,a,6046.867779204108,0.4204833576687923,Suburban Std
352,3,d,c,6692.232142857143,0.2165031983861203,Flagship
353,4,b,b,5645.298603651987,0.0447407786093621,Rural Low
354,3,d,c,8390.581514762516,0.3312058020323305,Flagship
355,2,a,c,9148.811224489797,0.3442028023603636,Small Town
356,3,d,c,5719.281853281854,0.159411234776623,Flagship
357,0,a,a,7795.470052083333,0.46201135058089915,Premium City
358,2,a,a,10306.111681643133,0.4004633018966357,Small Town
359,3,d,c,6851.255455712452,0.18161518684960298,Flagship
360,0,a,a,6935.459183673469,0.458207189197009,Premium City
361,3,c,c,6266.883333333333,0.4291869012310672,Flagship
362,2,c,c,9376.65556978233,0.3173638430569057,Small Town
363,1,a,a,7134.2002551020405,0.3135866090117265,Suburban Std
364,3,a,c,4553.114137483787,0.3976771948094031,Flagship
365,3,c,a,5440.594202898551,0.3794790153313832,Flagship
366,3,d,c,6196.76282051282,0.6418121886706536,Flagship
367,3,d,c,5254.238520408163,0.5015596977102199,Flagship
368,2,d,c,9686.268983268983,0.6337098746032599,Small Town
369,3,d,c,6856.559539052497,0.21631722380994622,Flagship
370,3,d,a,7649.643132220795,0.3715382571490644,Flagship
371,3,d,c,6889.756722151088,0.4526762850362447,Flagship
372,3,d,c,8786.206675224646,0.3820623853807401,Flagship
373,3,d,c,4530.5032175032175,0.21019724192588796,Flagship
374,0,a,a,7009.673469387755,0.4439370337740127,Premium City
375,2,a,c,9164.384615384615,0.8194333189325402,Small Town
376,0,a,a,8460.12015503876,0.4896226430163293,Premium City
377,2,a,c,7818.526785714285,0.37543160059631875,Small Town
378,1,a,c,6324.801026957638,0.26486698229238614,Suburban Std
379,3,d,a,3902.220663265306,0.45598718162328167,Flagship
380,2,a,a,14456.580231065469,0.3827203435194766,Small Town
381,0,a,a,9001.555128205127,0.4625099754520199,Premium City
382,3,c,c,7985.847435897436,0.5606082296269086,Flagship
383,2,a,c,17294.716666666667,0.22084078514450112,Small Town
384,2,a,c,8871.575447570332,0.5218655838395763,Small Town
385,3,d,a,7348.519292604502,0.47179017868604967,Flagship
386,3,d,c,8029.541720154044,0.4647490398702363,Flagship
387,2,c,a,9362.590078328982,0.5185714688985077,Small Town
388,2,a,a,10257.920410783056,0.4392999632930643,Small Town
389,2,a,c,10337.401785714286,0.37869414621754127,Small Town
390,2,a,c,11568.65641025641,0.4020057263292143,Small Town
391,0,a,a,5719.555989583333,0.60397025977067,Premium City
392,0,a,a,7279.428754813864,0.5882238489143354,Premium City
393,3,d,c,5903.06675224647,0.36837301716959026,Flagship
394,3,d,a,8353.245838668374,0.331211954784022,Flagship
395,1,a,a,3989.1347881899874,0.39008836093496724,Suburban Std
396,2,a,c,10222.092307692308,0.564973425914592,Small Town
397,0,a,c,5574.883183568678,0.5205141407725553,Premium City
398,3,c,c,5496.522959183673,0.4138884779120704,Flagship
399,1,a,a,5558.84887459807,0.3383624485688672,Suburban Std
400,2,a,a,8745.718670076727,0.6050854641467123,Small Town
401,0,a,c,7026.532051282052,0.6336785926018178,Premium City
402,3,c,c,5857.991025641026,0.26164636088560944,Flagship
403,0,a,a,7468.523748395379,0.41221082307077683,Premium City
404,1,a,c,4785.223978919631,0.4801825989519517,Suburban Std
405,0,a,a,4520.699614890886,0.7930413716011904,Premium City
406,3,d,c,6111.059050064185,0.2864988442585774,Flagship
407,1,a,a,3886.744372990354,0.2988647364230903,Suburban Std
408,1,c,a,4727.774774774774,0.35895873674463896,Suburban Std
409,3,d,c,5527.358514724712,0.35168430961503794,Flagship
410,0,c,a,6443.878048780488,0.5864403793255906,Premium City
411,3,d,c,9133.364916773367,0.37763023190936185,Flagship
412,3,d,c,9102.122186495177,0.09537891775221219,Flagship
413,1,a,c,7058.2170418006435,0.39537116451441134,Suburban Std
414,3,d,c,6427.97695262484,0.1548227095510657,Flagship
415,3,d,c,6234.834615384615,0.2543778979331299,Flagship
416,2,a,c,11012.00637755102,0.32018450944788723,Small Town
417,0,a,c,7633.281129653402,0.5075550592191349,Premium City
418,0,a,a,5275.851804123711,0.6860775815478557,Premium City
419,1,c,a,5311.158163265306,0.3885756945718095,Suburban Std
420,3,d,c,4540.3408360128615,0.22541044446159053,Flagship
421,2,c,c,9588.251275510203,0.07186221080041233,Small Town
422,1,a,c,4559.059948979592,0.2256980712575143,Suburban Std
423,4,b,a,10828.403397027601,0.09369339075897676,Rural Low
424,3,d,c,6925.756097560976,0.24777612881460898,Flagship
425,3,d,c,3237.659793814433,0.4384086148454631,Flagship
426,1,a,a,5068.396662387677,0.5560411877988414,Suburban Std
427,0,a,c,7643.243980738363,0.6003291314150054,Premium City
428,3,d,a,6287.5048231511255,0.25796403985180705,Flagship
429,3,d,c,5321.144694533762,0.3499716502484089,Flagship
430,3,d,c,8632.471061093247,0.23342369719489042,Flagship
431,3,d,c,9524.926829268292,0.2895742028068369,Flagship
432,2,a,a,10982.871173469388,0.37377261504286596,Small Town
433,4,a,c,5360.865429234339,0.5734859680007192,Rural Low
434,0,a,a,9904.823151125402,0.14212354600119537,Premium City
435,1,a,a,3277.6919127086007,0.437778839659811,Suburban Std
436,3,d,a,5509.484615384616,0.4907332037725558,Flagship
437,3,c,c,7366.717948717948,0.1754965450961723,Flagship
438,3,d,c,5153.723076923077,0.6127465554982514,Flagship
439,0,a,a,7294.942602040816,0.45303590009019756,Premium City
440,3,d,a,5156.078507078507,0.44328769506945465,Flagship
441,3,d,a,6328.351732991014,0.29645418946687574,Flagship
442,1,c,a,4379.133848133848,0.4084115198241538,Suburban Std
443,3,d,a,5251.096153846154,0.5144292303229412,Flagship
444,2,c,a,12188.706563706564,0.050652584310030946,Small Town
445,2,a,a,8600.150773195875,0.08184245883545804,Small Town
446,0,a,a,4932.165596919127,0.6657823182708442,Premium City
447,1,a,c,5307.622448979592,0.19171208538756068,Suburban Std
448,0,a,c,8484.065468549423,0.4539668609601153,Premium City
449,2,a,c,11253.74647887324,0.4213315287501631,Small Town
450,3,c,a,8790.513513513513,0.25187426480454,Flagship
451,1,a,a,5439.3239436619715,0.2992067394715967,Suburban Std
452,0,a,c,5149.841836734694,0.6163307001386338,Premium City
453,4,a,c,7775.446448703495,0.310247808670177,Rural Low
454,0,a,a,5794.123076923077,0.7230779110139343,Premium City
455,3,d,c,7371.391248391248,0.11477224401738217,Flagship
456,1,a,c,6190.5609756097565,0.4364412056460225,Suburban Std
457,3,d,c,4840.5530546623795,0.3284841151480198,Flagship
458,3,c,a,7582.117797695262,0.17418002117104447,Flagship
459,2,a,a,9176.75,0.6266171456242249,Small Town
460,0,a,a,3736.0089743589742,0.8075407271447863,Premium City
461,3,d,c,4838.66537966538,0.23434514799889006,Flagship
462,0,a,a,4832.588461538461,0.562134206959547,Premium City
463,0,a,a,6094.671373555841,0.5116728920682672,Premium City
464,2,c,a,10642.683673469388,0.08906924812812966,Small Town
465,3,d,c,7762.806658130602,0.3975375322536616,Flagship
466,0,a,c,7712.365853658536,0.6671419851066998,Premium City
467,2,a,c,13480.147625160462,0.2258338112038385,Small Town
468,3,c,c,6669.660714285715,0.08669568591699073,Flagship
469,2,c,c,11901.456632653062,0.2939814616544989,Small Town
470,2,a,c,13111.742268041236,0.3059490657045152,Small Town
471,3,d,a,7109.752411575562,0.3022864198056623,Flagship
472,3,c,c,5204.651785714285,0.28717988317044707,Flagship
473,1,a,a,3552.3016688061616,0.5953853296468894,Suburban Std
474,0,c,a,7526.818414322251,0.5284076385777241,Premium City
475,1,a,a,6473.81443298969,0.3211822600441192,Suburban Std
476,0,d,a,5851.6038461538465,0.708781309810204,Premium City
477,3,d,a,6213.688102893891,0.38242706317464314,Flagship
478,3,d,c,6806.948979591837,0.48514082733352315,Flagship
479,2,a,a,11230.879795396419,0.44981949772077834,Small Town
480,1,a,a,4935.890306122449,0.5824342582959383,Suburban Std
481,3,c,c,5155.379001280409,0.42436988058002223,Flagship
482,2,c,a,8334.617647058823,0.22185189381353343,Small Town
483,0,a,c,4948.424358974359,0.7424266257753436,Premium City
484,3,a,c,7717.669642857143,0.12252561688392816,Flagship
485,3,d,c,4871.011254019292,0.21184518134082508,Flagship
486,1,a,a,4266.7432605905005,0.5654570916171766,Suburban Std
487,3,d,c,6999.2997448979595,0.3482949342069783,Flagship
488,1,a,c,3686.3188775510203,0.3385797442905367,Suburban Std
489,0,a,a,7306.367948717949,0.9343507739131085,Premium City
490,1,a,a,8249.728295819936,0.1052338806556663,Suburban Std
491,3,d,c,6746.462033462033,0.3588751094482945,Flagship
492,0,a,a,7859.125407166124,0.36364412687911707,Premium City
493,3,d,c,8295.668806161746,0.3877301229209378,Flagship
494,4,b,a,7649.296178343949,0.3595649893571471,Rural Low
495,3,d,a,5154.718146718146,0.5329626354425832,Flagship
496,3,d,c,7728.900510204082,0.388531543518301,Flagship
497,2,a,c,9062.122919334188,0.3349136781736497,Small Town
498,1,a,a,6996.5337620578775,0.07862578971546652,Suburban Std
499,3,c,c,5155.988416988417,0.24838376034768572,Flagship
500,3,d,c,5354.036977491962,0.1099902253161511,Flagship
501,1,a,c,5378.180064308682,0.4038365656470062,Suburban Std
502,2,a,a,10823.524547803618,0.3436673487663098,Small Town
503,3,d,c,6698.198717948718,0.4756860553260409,Flagship
504,3,c,c,6673.158163265306,0.23246790908290116,Flagship
505,1,a,a,4776.280566280566,0.4706101216549574,Suburban Std
506,0,a,a,7581.344030808729,0.5539441514640098,Premium City
507,0,a,c,8455.770218228497,0.378848556174602,Premium City
508,0,a,c,6767.6997422680415,0.462660495148457,Premium City
509,0,a,a,6125.062740076824,0.597819375515275,Premium City
510,0,a,c,8196.739409499358,0.4776821754745173,Premium City
511,1,a,a,5662.320153061224,0.14112435988505734,Suburban Std
512,4,b,b,5510.978523489933,0.10478685252910847,Rural Low
513,2,a,a,18179.089285714286,0.23864796706709956,Small Town
514,3,c,c,5756.009646302251,0.43583486912078495,Flagship
515,3,d,c,9058.152759948653,0.19348359138233362,Flagship
516,0,a,c,5879.084724005134,0.5519121098338702,Premium City
517,0,a,c,5962.438735177866,0.5912886280766938,Premium City
518,3,d,c,5865.123595505618,0.41868227318792495,Flagship
519,3,c,c,5306.320153061224,0.30538474309370933,Flagship
520,1,a,c,3869.7321428571427,0.33634498865893625,Suburban Std
521,3,d,a,5181.014120667523,0.34914548102407195,Flagship
522,3,d,c,8222.889245585875,0.23735948569290977,Flagship
523,2,c,c,15530.605867346938,0.10062100496914406,Small Town
524,4,a,c,7710.819523269012,0.48956461691611697,Rural Low
525,3,d,c,10233.026819923372,0.17475262836564243,Flagship
526,2,a,a,10630.231457800512,0.6061296189586887,Small Town
527,2,d,c,10734.693982074265,0.23127873222755002,Small Town
528,2,a,c,10704.444159178434,0.5201011730518701,Small Town
529,3,d,c,7823.783163265306,0.3461461594696562,Flagship
530,4,a,c,4634.323399558499,0.13816234945429007,Rural Low
531,1,a,c,4901.934948979592,0.19940899975340565,Suburban Std
532,2,a,c,10894.865211810013,0.19411196183304935,Small Town
533,2,a,c,9659.648648648648,0.4146994633468555,Small Town
534,0,d,a,7519.556982343499,0.5226905678217335,Premium City
535,0,a,a,8115.771501925546,0.5070236283841651,Premium City
536,0,a,c,8323.613607188703,0.48060712578370013,Premium City
537,1,a,a,5580.178893178893,0.3646529912905365,Suburban Std
538,1,a,a,3859.0242346938776,0.46861859591689603,Suburban Std
539,1,a,a,11310.963022508038,0.1429974420208946,Suburban Std
540,3,d,c,5648.990353697749,0.41543987887493916,Flagship
541,0,a,c,6720.812580231065,0.3965799851024787,Premium City
542,1,a,a,6246.641479099679,0.4074241614772167,Suburban Std
543,0,c,a,2790.3802816901407,1.1004776877427775,Premium City
544,2,a,a,14094.498717948718,0.541439448897006,Small Town
545,2,a,c,10635.256739409499,0.5771688065869809,Small Town
546,2,a,a,13681.53443877551,0.24426560019397492,Small Town
547,3,d,c,5752.490353697749,0.21676208131695374,Flagship
548,3,d,c,5066.426527958388,0.47727487863407747,Flagship
549,1,a,c,4642.716836734694,0.2836507456736006,Suburban Std
550,3,d,c,5973.627400768246,0.23393206355635798,Flagship
551,1,a,c,6559.378826530612,0.3091162754571779,Suburban Std
552,0,a,a,7721.866837387965,0.9517573745807872,Premium City
553,3,c,a,7038.598455598456,0.03519669181925056,Flagship
554,3,c,c,4481.014030612245,0.20119596578915977,Flagship
555,3,d,a,5173.860353130016,0.4053883973335335,Flagship
556,3,d,c,7178.753512132823,0.4292739036579234,Flagship
557,1,a,a,4383.079691516709,0.45197344811005435,Suburban Std
558,1,a,a,3241.5242346938776,0.37407081733698444,Suburban Std
559,0,d,a,5882.961538461538,0.7935177682754286,Premium City
560,2,c,c,13612.859437751003,0.22560575753222967,Small Town
561,3,d,a,6913.826700898588,0.45578136538393377,Flagship
562,4,b,c,17969.55626326964,0.2052103874349236,Rural Low
563,1,a,a,5513.492268041237,0.24355723594428813,Suburban Std
564,3,d,c,5528.115532734275,0.2404955189897089,Flagship
565,1,a,c,6636.4172015404365,0.4866714775114407,Suburban Std
566,1,a,a,4904.639030612245,0.43443231451905673,Suburban Std
567,0,c,a,5241.504492939666,0.576804567543098,Premium City
568,3,d,c,4877.496798975672,0.15114629082650444,Flagship
569,1,a,a,4519.556122448979,0.2868522200641328,Suburban Std
570,1,a,a,4535.404364569961,0.5591652225193291,Suburban Std
571,3,d,a,7742.750803858521,0.15701041258339155,Flagship
572,3,d,c,6888.75,0.41673839673047675,Flagship
573,1,a,a,3974.773311897106,0.5533229850933385,Suburban Std
574,3,d,a,8898.217503217504,0.3593250355996538,Flagship
575,0,a,a,5367.566613162119,1.098274568271397,Premium City
576,0,c,a,6982.517857142857,0.42428655472658083,Premium City
577,1,a,c,4953.4170918367345,0.34978973683646064,Suburban Std
578,4,d,a,8164.39178690344,0.32717046767352276,Rural Low
579,0,c,a,8294.347881899872,0.4015090846737952,Premium City
580,2,a,c,10197.661989795919,0.20031894695064634,Small Town
581,0,a,a,5333.718870346598,0.8574571143717928,Premium City
582,0,a,a,7023.083120204604,0.5009999220137535,Premium City
583,1,a,a,4311.907692307693,0.5111585378240964,Suburban Std
584,3,d,a,4734.89628681178,0.34318132323800166,Flagship
585,3,d,c,5675.156887755102,0.3734904991662975,Flagship
586,2,a,c,15131.960051546392,0.19186186042065145,Small Town
587,3,d,c,9663.285714285714,0.22338622722408363,Flagship
588,3,d,c,6154.610969387755,0.3191713674039234,Flagship
589,0,a,c,4672.622192866578,0.7110063087236902,Premium City
590,3,d,c,4984.169884169884,0.19461323793194074,Flagship
591,1,a,c,5700.705276705276,0.3585554977792105,Suburban Std
592,1,a,a,4448.5109114249035,0.4948986954167265,Suburban Std
593,2,a,c,9507.956632653062,0.3013530095749821,Small Town
594,1,a,a,4155.866071428572,0.459745245482968,Suburban Std
595,2,c,c,15019.109693877552,0.25025303572276125,Small Town
596,1,c,a,4505.818877551021,0.2625875084569196,Suburban Std
597,1,a,a,5080.224646983312,0.26871149960151164,Suburban Std
598,1,c,a,5892.2926045016075,0.24154947307334562,Suburban Std
599,3,d,c,9769.727040816326,0.15228400788923335,Flagship
600,3,d,c,6996.617346938776,0.3354192521585224,Flagship
601,3,d,a,4875.769526248399,0.30877167037758513,Flagship
602,1,a,a,6300.167733674776,0.423434331561519,Suburban Std
603,0,a,a,6933.314136125655,0.5066142032193623,Premium City
604,3,d,a,7963.988745980708,0.36455080903567216,Flagship
605,3,d,a,7026.735218508998,0.4033921561987208,Flagship
606,1,a,a,5839.210459183673,0.4386731405456592,Suburban Std
607,0,a,a,3901.910485933504,1.1715229084825913,Premium City
608,2,a,c,9326.971794871795,0.6985602205878569,Small Town
609,1,a,a,4638.048469387755,0.37725290041369175,Suburban Std
610,1,a,a,4197.630295250321,0.5813952071061974,Suburban Std
611,1,a,a,5792.303858520901,0.20913723735047918,Suburban Std
612,3,d,c,6816.088282504013,0.34980570113399523,Flagship
613,1,c,a,6728.372122762148,0.2814862154705746,Suburban Std
614,1,a,a,6590.615384615385,0.2933504065604049,Suburban Std
615,2,d,a,9712.421254801537,0.35565211969324984,Small Town
616,0,a,c,8487.512195121952,0.42214789101666716,Premium City
617,0,a,c,6359.165384615385,0.6035952998710887,Premium City
618,3,d,c,6830.578745198463,0.26064665879157567,Flagship
619,0,a,a,4303.602893890676,0.7450677254541571,Premium City
620,3,d,c,7773.766881028939,0.13420359747188004,Flagship
621,1,a,a,5916.224646983312,0.42256089136346997,Suburban Std
622,3,a,c,4317.961734693878,0.41259529419376495,Flagship
623,0,a,a,7127.467447916667,0.4214222639466154,Premium City
624,0,a,c,7019.06675224647,0.4652812427965123,Premium City
625,0,a,a,6300.195121951219,0.5298189213879971,Premium City
626,2,c,c,9382.529487179487,0.4914778189675191,Small Town
627,3,c,c,5991.252240717029,0.3191323267743891,Flagship
628,0,a,c,6231.0829081632655,0.4962123404081171,Premium City
629,3,d,a,7652.739549839228,0.2834069656516216,Flagship
630,0,a,a,6935.852374839538,0.7110717483059772,Premium City
631,3,d,c,5400.307397959184,0.3290090460328101,Flagship
632,1,a,a,7028.774234693878,0.18633057905594907,Suburban Std
633,3,d,a,7207.2170418006435,0.09755772657210482,Flagship
634,0,d,a,6713.289743589744,0.7168039202369747,Premium City
635,0,a,a,5909.244871794872,0.9346823352508464,Premium City
636,0,c,a,5927.699839486357,0.8114940958045405,Premium City
637,3,d,c,8707.263665594855,0.34398007223597005,Flagship
638,3,d,a,6009.605177993528,0.25674438533225796,Flagship
639,0,a,a,4734.697047496791,0.6229179811591536,Premium City
640,2,d,c,11533.978177150193,0.36510850645932025,Small Town
641,0,a,c,5764.295250320924,0.6283111432873445,Premium City
642,1,c,c,3652.7098844672655,0.30664065766854054,Suburban Std
643,0,a,a,7994.431122448979,0.4054067623536548,Premium City
644,2,c,a,9353.057432432432,0.1264754438236808,Small Town
645,2,a,a,10730.2574002574,0.41628961123812114,Small Town
646,1,a,a,5025.926045016077,0.2933468906473362,Suburban Std
647,1,a,c,5774.5752551020405,0.455648119482138,Suburban Std
648,3,d,a,6573.996173469388,0.3516100888257181,Flagship
649,0,a,a,3683.7923076923075,0.7714623908370968,Premium City
650,1,a,a,6391.008038585209,0.20386593866064473,Suburban Std
651,1,a,a,7615.865211810013,0.2932813473027831,Suburban Std
652,0,a,a,6637.632992327366,0.6358447376442862,Premium City
653,3,d,c,5915.504492939666,0.43668197708628287,Flagship
654,0,c,a,6475.152564102564,0.7552554329897221,Premium City
655,3,d,c,8031.711168164314,0.4408652549200367,Flagship
656,1,d,a,3245.192061459667,0.32390302607890264,Suburban Std
657,0,c,c,6054.715206185567,0.5407409714513232,Premium City
658,3,d,c,6058.83055198973,0.5526898574610373,Flagship
659,3,d,a,5643.966709346991,0.559721516235252,Flagship
660,0,a,a,4616.599678456591,0.6933240304600883,Premium City
661,3,d,c,7157.221066319896,0.19434807212362082,Flagship
662,0,d,a,8439.524234693878,0.6300690225292618,Premium City
663,1,a,c,4786.2258916776755,0.19598139773507794,Suburban Std
664,3,d,c,4946.3564102564105,0.5199595202409455,Flagship
665,2,a,a,8207.252903225806,0.57697371464052,Small Town
666,3,c,c,7016.610038610039,0.4089064473475841,Flagship
667,3,d,c,8786.501915708812,0.4128519402543278,Flagship
668,2,c,a,8940.853316326531,0.3586702602649332,Small Town
669,3,d,a,4514.2347266881025,0.23835897477282408,Flagship
670,1,a,a,6589.94847020934,0.4305639657596205,Suburban Std
671,1,a,c,5935.5,0.35237159241430804,Suburban Std
672,2,c,a,8837.105128205128,0.25711047795280284,Small Town
673,3,d,c,7126.018018018018,0.36541091150681115,Flagship
674,0,a,a,8193.349865951743,0.5070426963765045,Premium City
675,0,a,a,4278.189500640205,0.6703163140007278,Premium City
676,4,b,b,7687.464052287582,0.05529891774621887,Rural Low
677,3,d,a,7938.98231511254,0.36778504972384907,Flagship
678,0,c,a,7299.937098844673,0.4109494797933926,Premium City
679,2,a,a,9943.924744897959,0.34184443192914693,Small Town
680,1,c,a,5205.306122448979,0.08342083144974177,Suburban Std
681,1,a,c,3561.5071707953066,0.42915908012487014,Suburban Std
682,4,b,a,11207.408704883228,0.5650137417278416,Rural Low
683,2,a,a,9147.085459183674,0.49298184333179007,Small Town
684,3,d,c,7721.36655948553,0.3078620112105517,Flagship
685,0,a,a,6630.550706033376,0.7480163637051669,Premium City
686,0,a,a,6250.410256410257,0.7813478451027973,Premium City
687,3,d,c,8372.464698331194,0.2761259965510343,Flagship
688,0,a,a,3615.8333333333335,0.7620108175983038,Premium City
689,3,d,a,7046.112676056338,0.4926140842291562,Flagship
690,1,a,a,5589.987163029525,0.4116492999396597,Suburban Std
691,3,d,c,8371.011553273427,0.35530702793267266,Flagship
692,0,a,a,6588.4172015404365,0.6861608036712277,Premium City
693,0,d,a,6607.938540332906,0.9890950767908855,Premium City
694,1,a,c,8047.522508038585,0.22257780138136796,Suburban Std
695,0,a,a,5393.123234916559,0.8717765868710261,Premium City
696,0,a,c,7850.139030612245,0.38022236251729624,Premium City
697,2,d,a,10656.173299101412,0.377714798010772,Small Town
698,2,a,a,15564.119897959185,0.18660277605114484,Small Town
699,0,a,a,8320.129242819843,0.31025486521237156,Premium City
700,0,a,c,4356.482166446499,0.5514667967870899,Premium City
701,3,d,a,5778.974276527331,0.5517366743370111,Flagship
702,1,a,a,4373.971061093248,0.47653292384360135,Suburban Std
703,1,a,a,3290.5340179717587,0.5581816670026778,Suburban Std
704,2,d,c,10393.865900383142,0.37339151988007235,Small Town
705,0,a,a,7967.267008985879,0.5869959705520147,Premium City
706,3,d,a,5743.2652733118975,0.2290307565731986,Flagship
707,2,a,c,8319.731707317073,0.48452395248102254,Small Town
708,3,c,c,4571.989825581395,0.35235829925809337,Flagship
709,2,a,a,9886.915816326531,0.5585820261442531,Small Town
710,3,d,a,4546.652733118971,0.4238505984409362,Flagship
711,3,d,a,6914.39165329053,0.48147415264650584,Flagship
712,1,a,a,6421.442122186495,0.41330739801929606,Suburban Std
713,2,a,c,10718.055198973043,0.3271858562357808,Small Town
714,3,d,c,4553.947232947233,0.2711646304659283,Flagship
715,0,a,a,6491.095360824742,0.7738811186862689,Premium City
716,3,d,a,5717.081993569132,0.254219740470053,Flagship
717,3,d,c,5552.894736842105,0.6684644199429026,Flagship
718,1,a,a,7911.313700384123,0.3873765540613259,Suburban Std
719,3,c,c,5383.604501607717,0.18094647578260226,Flagship
720,3,a,c,7166.128826530612,0.37066055986568136,Flagship
721,1,a,c,7673.413265306122,0.1781444875273428,Suburban Std
722,2,a,a,9836.646683673469,0.26059807512366606,Small Town
723,3,d,c,7032.10371318822,0.28547283206548335,Flagship
724,3,d,c,6812.905006418485,0.25646181624677333,Flagship
725,3,d,c,5747.4247448979595,0.2420868421400435,Flagship
726,2,a,c,11048.673076923076,0.668881179136404,Small Town
727,1,a,a,4529.290653008963,0.5310785590635563,Suburban Std
728,3,d,a,5245.70785070785,0.1837565867477755,Flagship
729,2,c,c,10548.913992297817,0.4232683512109967,Small Town
730,1,c,a,8055.372448979592,0.2622377822366009,Suburban Std
731,0,a,a,9249.2293814433,0.508325471869733,Premium City
732,4,a,c,5816.439411098528,0.3082535408277616,Rural Low
733,4,b,b,14933.288747346072,0.1024421431754825,Rural Low
734,0,a,a,5980.523748395379,0.6919060062738096,Premium City
735,3,d,c,5518.541025641026,0.7192935835067198,Flagship
736,3,c,c,5244.075562700965,0.3597693533512496,Flagship
737,0,a,a,6117.901155327343,0.5400392504513709,Premium City
738,3,d,c,8508.600770218229,0.2546855856987029,Flagship
739,2,d,c,9557.665594855305,0.4232041309110124,Small Town
740,3,d,a,6978.176696542893,0.36025360925377603,Flagship
741,3,d,c,7619.468112244898,0.34735475582012176,Flagship
742,3,d,c,8025.888318356868,0.36859252839387047,Flagship
743,0,a,a,3816.5897435897436,0.7099306600547384,Premium City
744,1,a,a,7457.067768595041,0.2048697168706879,Suburban Std
745,0,a,a,7499.078205128205,0.8287400015550153,Premium City
746,3,d,c,6039.549295774648,0.4391237067734399,Flagship
747,3,c,c,8027.1461538461535,0.43890907794156586,Flagship
748,3,d,a,5737.6765083440305,0.4454699869168426,Flagship
749,0,a,a,5189.860077021823,0.7273476550233668,Premium City
750,3,d,a,4997.352090032155,0.36296489989764,Flagship
751,1,a,a,4216.215661103979,0.40703890937325315,Suburban Std
752,0,a,a,5251.659820282413,0.7306589135568453,Premium City
753,3,d,c,8710.279845956355,0.46315943828398676,Flagship
754,2,c,c,8086.957800511509,0.479209060155263,Small Town
755,3,d,c,10483.216389244559,0.3132393654312098,Flagship
756,2,a,c,16574.816431322208,0.19931714561430391,Small Town
757,1,a,c,6219.787644787645,0.4170604810895695,Suburban Std
758,1,a,c,4868.3669250646,0.4562986697126792,Suburban Std
759,0,a,a,7010.137355584082,0.6309479970305647,Premium City
760,1,a,a,7638.3642213642215,0.053648165535310266,Suburban Std
761,0,a,a,8729.478316326531,0.40363184002191943,Premium City
762,3,d,c,3886.8899082568805,0.3666888758241458,Flagship
763,3,d,c,6125.251275510204,0.3109650903438821,Flagship
764,3,a,c,3538.9882659713167,0.5243591934056844,Flagship
765,0,a,c,8506.867438867439,0.3612296680584397,Premium City
766,3,d,c,6123.943729903537,0.293144663905871,Flagship
767,0,a,c,6023.40306122449,0.5284816933858731,Premium City
768,2,a,c,12991.838010204081,0.43663950194424883,Small Town
769,4,b,b,10825.902335456476,0.10817791241384156,Rural Low
770,0,a,c,6477.788189987163,0.5421172774234575,Premium City
771,1,a,a,6722.011254019292,0.34268710071865405,Suburban Std
772,3,d,c,3582.199233716475,0.2363590476737243,Flagship
773,1,a,a,5716.108834827145,0.3240154472098047,Suburban Std
774,1,a,c,5493.743622448979,0.29610246056835643,Suburban Std
775,3,d,c,8690.889067524116,0.23363454398366645,Flagship
776,1,c,a,4804.806701030928,0.46454677295571467,Suburban Std
777,3,d,c,3991.3504492939664,0.2888501153655789,Flagship
778,1,a,a,5901.257234726688,0.4601366948330601,Suburban Std
779,0,a,a,7128.521794871795,0.7944069923625008,Premium City
780,0,a,a,6547.1884615384615,0.7448113425283811,Premium City
781,0,a,a,4922.442307692308,0.7114053956895492,Premium City
782,3,c,c,5488.799743260591,0.28188871563178886,Flagship
783,3,d,c,6860.185421994885,0.3171741909663235,Flagship
784,0,a,a,7751.309370988447,0.5057622589102813,Premium City
785,3,d,c,6511.518613607189,0.39502793971199934,Flagship
786,0,a,a,3563.674358974359,0.8241698143149034,Premium City
787,2,c,c,10227.147435897436,0.38305963488171857,Small Town
788,2,a,c,17961.914540816328,0.2678752169867298,Small Town
789,1,a,c,3380.011583011583,0.07914997023835824,Suburban Std
790,3,d,c,7453.021766965429,0.2159022643923736,Flagship
791,0,a,a,7668.776636713736,0.4298460584925303,Premium City
792,0,d,a,7389.373555840822,0.6982588371101799,Premium City
793,0,d,a,4832.121951219512,0.6786997109137911,Premium City
794,1,c,c,3083.8128205128205,0.09777273730326397,Suburban Std
795,3,d,a,4553.673940949936,0.6353252151727982,Flagship
796,0,a,c,7244.772785622593,0.5568829263238977,Premium City
797,1,a,a,4208.231511254019,0.3147257165302981,Suburban Std
798,0,a,a,7468.274358974359,0.7246091661858485,Premium City
799,2,a,c,9894.987163029526,0.2375220361722601,Small Town
800,3,d,a,5337.432605905006,0.32898567695849223,Flagship
801,3,d,a,4845.2295918367345,0.4802452393919421,Flagship
802,0,a,c,6841.0752551020405,0.4029365431466305,Premium City
803,3,d,a,6047.678803641093,0.46919688050625075,Flagship
804,3,c,c,4922.186495176848,0.1565416376653963,Flagship
805,3,d,a,6084.228295819936,0.4794964406123974,Flagship
806,0,d,a,6808.287781350482,0.5895890730743529,Premium City
807,1,a,a,9820.042253521127,0.20777084149066605,Suburban Std
808,0,a,a,7291.133333333333,0.5035896078186943,Premium City
809,0,a,a,9393.61489088575,0.6500737426384804,Premium City
810,3,d,c,5930.421052631579,0.2653904585112774,Flagship
811,1,a,a,4132.038265306122,0.2195493104471118,Suburban Std
812,0,d,a,6366.778205128205,0.6195848025065769,Premium City
813,1,a,a,5810.714285714285,0.29177381568637895,Suburban Std
814,3,d,c,8476.763427109974,0.5569730823076919,Flagship
815,0,a,a,8395.837620578779,0.2865147625178883,Premium City
816,3,c,c,5133.07702182285,0.3587349364557806,Flagship
817,2,a,a,21757.48341836735,0.32716935748427245,Small Town
818,0,d,a,6110.572343149808,0.6101581114563552,Premium City
819,1,a,c,6091.100765306122,0.318357830188152,Suburban Std
820,2,a,c,12085.850482315112,0.21745948017958772,Small Town
821,0,a,a,6937.491071428572,0.4373620291591589,Premium City
822,0,a,c,7737.664540816327,0.4467781374756561,Premium City
823,1,a,c,5802.383928571428,0.41989066130891284,Suburban Std
824,0,a,a,6834.3125,0.3964784758938087,Premium City
825,1,a,a,4562.921221864952,0.3010525699642008,Suburban Std
826,0,a,c,8839.186855670103,0.3613949435782662,Premium City
827,2,a,c,12771.665389527458,0.032299947914058214,Small Town
828,3,d,c,5199.946153846154,0.5683737736020396,Flagship
829,1,c,a,5920.669654289372,0.3794928403787925,Suburban Std
830,0,a,c,6174.879487179487,0.5937646043805771,Premium City
831,2,a,a,12689.002567394095,0.5343751842724018,Small Town
832,3,d,a,6550.293213828425,0.3310318681457236,Flagship
833,3,d,c,5511.350449293966,0.43540546828753657,Flagship
834,0,a,a,5868.5420918367345,0.528118789529731,Premium City
835,1,a,a,5174.633289986996,0.4726145223280902,Suburban Std
836,0,a,a,5906.002564102564,0.6909371179669654,Premium City
837,1,a,c,3473.721704394141,0.46396126919251235,Suburban Std
838,3,d,c,7987.2723785166245,0.38846934528935084,Flagship
839,1,c,a,5127.158163265306,0.5789152888918128,Suburban Std
840,0,a,a,7319.0204081632655,0.4335778990955472,Premium City
841,1,a,a,2972.608974358974,0.6965256286541619,Suburban Std
842,2,d,c,18574.79581993569,0.14819642092597474,Small Town
843,2,c,a,9468.706632653062,0.26600014399004057,Small Town
844,0,a,a,4178.712451861361,0.7072804189560034,Premium City
845,3,d,a,4828.561855670103,0.19590936292189376,Flagship
846,2,a,c,9224.637997432606,0.5847569036688844,Small Town
847,3,c,c,7111.761597938144,0.2326643271451141,Flagship
848,0,a,c,6630.602883355177,0.3865903433703628,Premium City
849,3,c,c,8155.218112244898,0.2692300955990725,Flagship
850,3,d,a,6193.765847347995,0.4487184905977233,Flagship
851,3,d,c,5453.463022508038,0.12704850222330877,Flagship
852,1,c,a,4606.513444302177,0.5037180023868331,Suburban Std
853,0,a,a,9243.104247104247,0.36419162269859817,Premium City
854,3,c,a,6577.1435897435895,0.32559511400121854,Flagship
855,0,a,a,5762.671814671815,0.5568786478971295,Premium City
856,1,a,a,7142.380102040816,0.3449731550840076,Suburban Std
857,3,c,a,7446.322663252241,0.15938168171148326,Flagship
858,1,a,a,4755.604501607717,0.2850235429197352,Suburban Std
859,3,c,a,7503.749196141479,0.16082407227183282,Flagship
860,3,c,c,5781.333759590792,0.27262599031716617,Flagship
861,3,c,c,3500.3494764397906,0.32385112655715886,Flagship
862,2,a,c,8565.13392857143,0.3281350623746382,Small Town
863,4,a,c,7707.847801578354,0.5347553494630695,Rural Low
864,1,a,a,4268.436293436293,0.47078599823304956,Suburban Std
865,3,d,c,7566.584082156611,0.22093537315913658,Flagship
866,3,d,a,6873.391805377721,0.3883306040460779,Flagship
867,3,d,c,4329.221590909091,0.4056267890550429,Flagship
868,3,d,c,9578.29961587708,0.2415965886660958,Flagship
869,0,c,a,5973.307692307692,0.6563555298378172,Premium City
870,1,a,a,6929.204663212436,0.2801700268180993,Suburban Std
871,3,d,c,6260.498079385403,0.11382626300528687,Flagship
872,0,a,c,8536.406931964057,0.32657241997328534,Premium City
873,1,a,a,3833.344871794872,0.375356057593496,Suburban Std
874,1,a,a,4583.692602040816,0.27697350801842835,Suburban Std
875,3,d,a,5061.662387676508,0.5235822080164751,Flagship
876,2,a,a,9228.909921671018,0.8458159137860535,Small Town
877,3,a,c,6331.502481389578,0.30022590679265493,Flagship
878,2,d,c,8720.084615384616,0.4941082496050011,Small Town
879,3,d,a,3762.983922829582,0.45238472826041054,Flagship
880,1,a,c,7507.059202059202,0.3428553220515491,Suburban Std
881,0,a,a,4203.016688061617,0.6795626990561119,Premium City
882,1,a,a,6607.352405721716,0.2434763421567956,Suburban Std
883,1,a,a,4768.650834403081,0.41967182308282536,Suburban Std
884,3,d,c,5536.90996784566,0.38109503052125016,Flagship
885,1,a,a,5458.6752577319585,0.2999930341785084,Suburban Std
886,0,a,c,6442.724005134788,0.4545547053045762,Premium City
887,3,d,a,6887.370466321244,0.4949470802125684,Flagship
888,3,d,a,7998.741071428572,0.23175420880731523,Flagship
889,3,d,a,4144.4371794871795,0.5544324482373226,Flagship
890,1,a,a,5729.583601286174,0.43163908131479833,Suburban Std
891,1,a,c,7976.407216494846,0.21185910246221118,Suburban Std
892,0,a,a,7599.162820512821,0.7258688856035083,Premium City
893,1,a,a,6396.59003215434,0.30193817851307214,Suburban Std
894,2,a,a,8468.47989623865,0.6352586246062413,Small Town
895,3,a,c,9329.359073359074,0.2575183461514601,Flagship
896,1,a,c,6937.665816326531,0.16388656979550564,Suburban Std
897,3,c,c,3492.9447300771208,0.15379368734179022,Flagship
898,0,a,a,6615.434782608696,0.9122901203538687,Premium City
899,0,d,a,5268.315384615385,0.8287691692302819,Premium City
900,1,a,a,5844.512861736334,0.3107953178613674,Suburban Std
901,0,a,c,7231.0420918367345,0.4450042600993016,Premium City
902,1,a,a,4886.471061093248,0.13752092946240868,Suburban Std
903,3,d,c,11737.745980707396,0.1736530607567095,Flagship
904,3,d,c,6016.757234726688,0.30609264877481435,Flagship
905,2,a,a,8530.25160462131,0.35245330564398114,Small Town
906,2,a,a,10929.289372599233,0.3971493916058444,Small Town
907,1,a,c,6270.749679075738,0.19112157693301635,Suburban Std
908,0,a,a,4234.8271446863,0.8199767667938305,Premium City
909,2,a,c,10728.983525535421,0.44442941941947267,Small Town
910,3,d,c,5708.80641025641,0.5109795012707927,Flagship
911,2,a,c,9884.908163265307,0.33984748992184644,Small Town
912,3,c,c,5765.9795918367345,0.1264405056780742,Flagship
913,2,a,a,8892.161082474227,0.5354464454499483,Small Town
914,2,c,c,9506.707908163266,0.4154565565398436,Small Town
915,3,d,c,6338.1077170418,0.0907757205458497,Flagship
916,1,a,a,5382.226804123711,0.27809893804103636,Suburban Std
917,0,a,a,6702.944801026958,0.5232254244371861,Premium City
918,0,a,c,5187.271794871795,0.5578525908118177,Premium City
919,0,a,a,5536.381642512078,0.5856150295136127,Premium City
920,1,a,a,5764.196141479099,0.26285216557462143,Suburban Std
921,2,a,a,9473.894871794872,0.5076600796695678,Small Town
922,3,d,a,7405.846451612903,0.21473174286151409,Flagship
923,1,a,a,5315.344387755102,0.18366588868713296,Suburban Std
924,1,a,a,4752.883183568678,0.5691120333045241,Suburban Std
925,1,c,a,6693.711313394018,0.12276519713528122,Suburban Std
926,3,d,c,7260.587933247753,0.4368931032023393,Flagship
927,0,a,a,6553.611398963731,0.5065698730117383,Premium City
928,3,d,c,8014.682926829269,0.5189981563032284,Flagship
929,1,a,c,5815.345663265306,0.33893964986583813,Suburban Std
930,1,a,a,7150.1578947368425,0.2673085104451882,Suburban Std
931,1,a,c,3588.8388571428573,0.43979238587476477,Suburban Std
932,0,a,a,7395.208667736758,0.4512928573026085,Premium City
933,0,a,c,7331.4794871794875,0.529338753577389,Premium City
934,0,a,c,6763.620025673941,0.47773941266637476,Premium City
935,3,a,c,5650.705357142857,0.4488337479634599,Flagship
936,1,a,a,7056.284980744545,0.2754757870152682,Suburban Std
937,3,d,a,7232.900128040973,0.40354206697399664,Flagship
938,0,a,a,9408.114795918367,0.3142014640911819,Premium City
939,3,d,a,5977.849807445443,0.3310464779760933,Flagship
940,3,d,c,7252.592307692307,0.43306355708881283,Flagship
941,1,a,a,5030.638263665594,0.464287038919869,Suburban Std
942,3,d,c,6058.364916773367,0.38384343154793044,Flagship
943,3,d,c,6969.183568677792,0.24369375967353069,Flagship
944,2,c,a,7930.507653061224,0.19745516035946986,Small Town
945,1,a,c,4374.955357142857,0.3371242192966535,Suburban Std
946,1,a,a,4203.427471116816,0.49868598208498516,Suburban Std
947,1,a,a,8392.398184176394,0.18854080986618493,Suburban Std
948,4,b,b,6936.760775862069,0.026924691570647807,Rural Low
949,0,a,a,5350.006377551021,0.738369234484666,Premium City
950,0,a,a,5742.317419354838,0.5282737287751222,Premium City
951,3,d,c,7776.97946084724,0.3635139522460542,Flagship
952,3,d,c,6568.048231511254,0.16682291057845267,Flagship
953,0,a,a,5323.455242966752,0.6617861488667296,Premium City
954,0,a,a,6966.048780487805,0.46505256280628204,Premium City
955,3,d,c,4719.5494223363285,0.410335977909126,Flagship
956,1,a,a,3855.9123711340208,0.516190793399341,Suburban Std
957,2,d,c,7898.885204081633,0.588658623860461,Small Town
958,1,a,a,4244.432397959184,0.3120035591873149,Suburban Std
959,0,a,c,7051.434948979592,0.4730198171852693,Premium City
960,3,d,a,6723.600512163893,0.44383032104898734,Flagship
961,3,d,c,6521.935815147625,0.298054976387383,Flagship
962,0,c,a,6690.6148825065275,0.5841288149169177,Premium City
963,2,a,c,10764.320924261874,0.8311857316844196,Small Town
964,2,a,a,9759.972797927461,0.35663009117313105,Small Town
965,2,a,c,8484.763124199744,0.4834868235013883,Small Town
966,1,a,a,4818.078305519897,0.34203958762031794,Suburban Std
967,0,a,c,8641.172015404365,0.38829547903545825,Premium City
968,0,c,a,7191.976923076923,0.4036576993650427,Premium City
969,1,a,c,3503.4662251655627,0.3793516387511602,Suburban Std
970,1,a,a,3295.742637644046,0.6550112881527139,Suburban Std
971,0,c,a,8270.106080206986,0.40529076994220237,Premium City
972,0,a,a,3422.545584045584,0.826258854045439,Premium City
973,3,d,c,6440.985879332477,0.4275359318100904,Flagship
974,2,a,a,11540.95498392283,0.29633833825256817,Small Town
975,0,a,c,7715.736842105263,0.42015503703371193,Premium City
976,0,a,a,6974.965340179718,0.5968991755754918,Premium City
977,0,a,a,4774.142857142857,0.8354872391528756,Premium City
978,3,c,c,7213.574358974359,0.4296306720307199,Flagship
979,0,a,c,6264.460358056266,0.558674049248699,Premium City
980,0,a,a,7019.6161745827985,0.5042247674187641,Premium City
981,3,d,c,7308.912820512821,0.4433284570246663,Flagship
982,0,d,a,8058.279487179487,0.5101909902412407,Premium City
983,2,a,a,10259.789405684754,0.3716274651135174,Small Town
984,0,c,a,6067.219072164949,0.48015096360741105,Premium City
985,3,c,c,8387.258687258687,0.25793757340912005,Flagship
986,0,a,a,6220.2525906735755,0.4385620485331312,Premium City
987,0,c,a,6847.355867346939,0.5009794853002545,Premium City
988,1,a,a,4698.071428571428,0.24404325483459544,Suburban Std
989,1,a,a,5242.463022508038,0.44404962043278084,Suburban Std
990,3,d,a,6409.134615384615,0.44510401243431974,Flagship
991,1,a,a,5756.765083440308,0.19953160652300883,Suburban Std
992,1,a,a,5715.991014120667,0.46971788156752714,Suburban Std
993,3,d,c,7618.029487179487,0.49313053936329077,Flagship
994,0,a,a,4539.516046213093,0.8003232042562585,Premium City
995,3,d,a,9264.346153846154,0.358972016394032,Flagship
996,0,c,a,6510.0469361147325,0.6177092529708217,Premium City
997,3,d,c,5157.918053777209,0.534081118220439,Flagship
998,1,a,a,4316.940797940798,0.29477206199221895,Suburban Std
999,2,d,c,9183.744871794872,0.688544365668796,Small Town
1000,1,a,c,7452.612540192926,0.2712225273634732,Suburban Std
1001,0,c,a,5420.721227621483,0.6375252470011981,Premium City
1002,3,d,c,6063.507653061224,0.2955384604505369,Flagship
1003,0,a,a,7382.803594351733,0.6836778885183477,Premium City
1004,3,d,c,5165.445337620578,0.47238697763777693,Flagship
1005,1,a,a,6205.9807445442875,0.29660483286815853,Suburban Std
1006,3,c,c,6371.961538461538,0.3398071773083422,Flagship
1007,3,c,c,6996.2040816326535,0.31451286025223935,Flagship
1008,1,a,c,5331.103316326531,0.46647020156645747,Suburban Std
1009,1,a,a,4772.184887459807,0.31941697258319723,Suburban Std
1010,3,d,c,8874.156887755102,0.31271084017052275,Flagship
1011,0,a,c,7878.237483953787,0.3798984204743978,Premium City
1012,3,d,c,6049.710610932476,0.17652883107938733,Flagship
1013,1,a,a,3993.560975609756,0.6139691422878433,Suburban Std
1014,2,a,c,12206.806161745828,0.6962129374276764,Small Town
1015,3,d,c,6040.029525032092,0.37863648484787493,Flagship
1016,0,c,c,5409.414634146341,0.7072154697799637,Premium City
1017,1,c,a,7203.429128738621,0.355214458373708,Suburban Std
1018,2,c,c,11748.342710997442,0.24694953616553939,Small Town
1019,2,d,c,9071.00481540931,0.464225839602596,Small Town
1020,1,a,a,9032.451984635083,0.20831340045774538,Suburban Std
1021,1,a,a,8877.748051948052,0.13132565605508195,Suburban Std
1022,0,a,c,7325.00513478819,0.4750101172301362,Premium City
1023,3,c,a,6152.617948717949,0.4005020141049913,Flagship
1024,3,c,c,6135.470663265306,0.27728201906359895,Flagship
1025,1,a,a,7425.501288659794,0.30917481763128873,Suburban Std
1026,2,c,a,9495.616174582798,0.5399719120450486,Small Town
1027,2,a,c,13104.088282504013,0.5179639644401257,Small Town
1028,0,a,a,4732.635430038511,0.7464474820380449,Premium City
1029,0,a,a,5416.497435897436,0.6324097443866741,Premium City
1030,0,a,a,3610.6705128205126,0.8017219075235955,Premium City
1031,3,d,a,4843.85622593068,0.5919063456617504,Flagship
1032,2,d,c,9195.198717948719,0.5383316944851009,Small Town
1033,2,a,a,13865.140306122448,0.42472418264330924,Small Town
1034,0,a,a,6503.775641025641,0.7942216942159852,Premium City
1035,0,a,a,4876.658974358975,0.7969969572185618,Premium City
1036,3,d,c,4986.202824133505,0.25658227720833704,Flagship
1037,1,a,c,6906.44358974359,0.31823117892511865,Suburban Std
1038,3,d,a,5897.262057877813,0.3127756509347044,Flagship
1039,2,a,c,8181.42542153048,0.24949656478349214,Small Town
1040,0,a,a,8697.509627727855,0.4840987671377308,Premium City
1041,1,c,a,6111.715434083601,0.22729726627022195,Suburban Std
1042,1,a,a,4131.250320924262,0.46185075604697445,Suburban Std
1043,2,c,a,8792.828205128206,0.29078210277128935,Small Town
1044,1,c,a,6622.019305019305,0.3334731349237914,Suburban Std
1045,4,a,c,7535.886749716874,0.3840248882686337,Rural Low
1046,3,d,c,8698.353846153846,0.5034756972895487,Flagship
1047,0,a,a,4885.469072164949,0.5698930036180012,Premium City
1048,3,d,c,6887.168582375479,0.4594750078909966,Flagship
1049,1,a,a,3985.379421221865,0.3543180042582288,Suburban Std
1050,3,d,c,7389.514724711908,0.3764916072149329,Flagship
1051,0,c,a,7490.758485639687,0.49089251246726073,Premium City
1052,0,a,c,7269.395378690629,0.4617210865154222,Premium City
1053,2,a,a,8932.307397959185,0.5633043216225497,Small Town
1054,0,a,c,6034.232142857143,0.5112321731130831,Premium City
1055,0,c,a,7914.593869731801,0.3725828369067008,Premium City
1056,3,d,c,3877.298555377207,0.2659522546898292,Flagship
1057,3,d,c,6423.996173469388,0.21129660852288867,Flagship
1058,0,a,c,7263.338896020539,0.49490755590522584,Premium City
1059,3,c,a,8424.552295918367,0.2931017892427057,Flagship
1060,0,a,c,7327.31322207959,0.42528986414842285,Premium City
1061,3,d,c,7378.339768339768,0.23701073943348838,Flagship
1062,0,d,a,6405.9807445442875,0.5407019056762887,Premium City
1063,1,a,c,4271.286989795918,0.41946347772557746,Suburban Std
1064,2,a,c,9455.578947368422,0.32326429902519616,Small Town
1065,1,a,a,4198.162379421222,0.4392320218688881,Suburban Std
1066,2,a,a,11073.919127086008,0.19586049538472916,Small Town
1067,3,d,c,5756.186495176848,0.3013259338279657,Flagship
1068,3,d,c,4441.53667953668,0.2664895716826805,Flagship
1069,0,a,c,6305.269820971867,0.6182245487820996,Premium City
1070,3,c,c,7034.711734693878,0.32486272528434235,Flagship
1071,1,a,a,6027.225765306122,0.3726804024525112,Suburban Std
1072,0,a,c,6821.911424903723,0.5237922116073035,Premium City
1073,0,a,c,7276.792041078305,0.34588288661232736,Premium City
1074,3,c,c,5146.24358974359,0.4646566330083557,Flagship
1075,2,a,c,11485.389030612245,0.06259939816018512,Small Town
1076,1,a,c,3620.02567394095,0.38907777541142874,Suburban Std
1077,1,a,a,4489.767650834403,0.5289782302732675,Suburban Std
1078,3,d,c,6808.079794079794,0.6088639483609928,Flagship
1079,0,a,a,8685.312419974392,0.5962575458164978,Premium City
1080,0,a,a,10190.765273311898,0.22447462712090505,Premium City
1081,4,b,a,5924.919418758256,0.6132717098869922,Rural Low
1082,0,c,a,7044.78717948718,0.3662269674047971,Premium City
1083,3,d,c,5146.368758002561,0.20729159709199285,Flagship
1084,1,a,a,6271.369565217391,0.25947928914176743,Suburban Std
1085,0,c,a,7567.2334183673465,0.4838190417933128,Premium City
1086,0,a,a,7677.409731113957,0.7375615759981637,Premium City
1087,3,d,c,6282.202806122449,0.29797109656388354,Flagship
1088,0,a,a,5084.703465982028,0.6049237939613306,Premium City
1089,2,d,a,10160.761232349165,0.2772059420547506,Small Town
1090,0,a,a,6453.071794871795,0.6843749178838525,Premium City
1091,0,a,c,8276.345663265307,0.43744011835507934,Premium City
1092,2,a,a,11960.538585209004,0.12905563663153963,Small Town
1093,3,c,c,8338.826923076924,0.26369144320497173,Flagship
1094,3,d,a,4574.715434083601,0.11645747554660191,Flagship
1095,1,a,a,4781.415601023018,0.4728096921550178,Suburban Std
1096,1,a,c,5456.523748395379,0.39180524659254834,Suburban Std
1097,4,b,b,9744.599787685775,0.10965166385541525,Rural Low
1098,0,a,a,5259.497435897436,0.5545876654768729,Premium City
1099,4,a,c,7743.111982082867,0.3511113983747598,Rural Low
1100,0,a,a,5405.1543450064855,0.7737349141440863,Premium City
1101,2,d,c,9972.266581632653,0.44141066656743133,Small Town
1102,1,a,a,6999.988745980708,0.2610739991490474,Suburban Std
1103,3,d,c,5019.544174135724,0.3934906066012738,Flagship
1104,1,d,a,5461.434083601286,0.3009247231263661,Suburban Std
1105,3,c,c,4564.572528883184,0.5071528866995074,Flagship
1106,1,a,c,4894.095663265306,0.44903217212311963,Suburban Std
1107,0,a,a,6231.720706260032,0.6307718303090608,Premium City
1108,0,a,a,5746.921794871795,0.9302299349343219,Premium City
1109,1,c,a,4927.204180064308,0.5378189271378688,Suburban Std
1110,3,c,c,4531.910600255428,0.5998782713798021,Flagship
1111,0,a,a,5251.702182284981,0.5772249784879795,Premium City
1112,2,c,c,10236.577663671373,0.5845767809416913,Small Town
1113,1,a,c,6627.859693877551,0.25613619314154334,Suburban Std
1114,2,a,c,20666.5625,0.12678972848061965,Small Town
1115,3,d,c,6302.469910371319,0.3195729803340004,Flagship
